Code,Name
010000,Свежие продукты и Мясо
010100,Овощи и Фрукты
010101,Тропические фрукты
010102,Овощи
010103,Фрукты и Ягоды
010200,Свежее Мясо
010201,Говядина и Телятина
010202,Свинина
010203,Баранина
010204,Птица
010300,Рыба и Морепродукты
010301,Свежая рыба
010302,Замороженная рыба и морепродукты
010303,Копченая и Вяленая рыба
010304,Свежие и Консервированные морепродукты
010305,Икра
020000,Молочные продукты Яйца и Выпечка
020100,Молочные продукты и Яйца
020101,Молоко и Сгущенное молоко
020102,Сыр и Творог
020103,Масло и Маргарин
020104,Сметана и Сливки
020105,Йогурт и Мацун
020106,Кефир Тан и Окрошка
020107,Яйца
020200,Хлеб и Печенье (Выпечка)
020201,Хлеб и Лаваш
020202,Выпечка и Кондитерские изделия
020203,Торты
030000,Бакалея и Консервы
030100,Бакалея
030101,Макароны и Рис
030102,Крупы и Бобовые
030103,Мука
030104,Растительное и Топленое масло
030105,Сахар Соль Сода Уксус
030106,Специи и Приправы
030107,Сухие завтраки и Хлопья
030108,Кетчуп Майонез и Соусы
030200,Консервы
030201,Консервированные овощи и Томатная паста
030202,Оливки
030203,Мясные консервы и Паштеты
030204,Рыбные консервы
030205,Фруктовые консервы
030300,Продукты быстрого приготовления
030301,Супы и Бульоны
030302,Вермишель и Лапша
030303,Полуфабрикаты
040000,Сладости и Снеки
040100,Сладости
040101,Шоколад
040102,Желе Зефир и Жвачка
040103,Выпечка и Крекеры
040104,Мед
040200,Снеки
040201,Чипсы и Попкорн
040202,Сухофрукты и Орехи
040203,Семечки и Палочки
040300,Мясные Деликатесы
040301,Бастурма и Суджук
040302,Колбасы (Вареные Копченые)
040400,Диабетические Продукты
040401,Сахарозаменители
040402,Диабетические Сладости и Десерты
050000,Напитки и Алкоголь
050100,Соки и Напитки
050101,Вода (Газированная и Негазированная)
050102,Натуральные соки
050103,Освежающие напитки
050104,Компот и Сироп
050200,Чай и Кофе
050201,Кофе
050202,Чай
050203,Горячий шоколад и Какао
050300,Алкогольные Напитки
050301,Вино Шампанское и Игристое вино
050302,Пиво
050303,Коньяк
050304,Водка
050305,Виски Ром и Текила
050306,Ликер и Вермут
060000,Замороженные и Готовые блюда
060100,Замороженные Продукты
060101,Овощи Фрукты Ягоды
060102,Замороженное мясо и птица
060103,Мороженое и Лед
060200,Готовые блюда (Кулинария)
060201,Салаты и Закуски
060202,Горячие блюда и Фастфуд
070000,Хозтовары Здоровье и Прочее
070100,Бытовая Химия
070101,Стиральный порошок и Моющие средства
070102,Освежители воздуха
070103,Бумажная продукция
070104,Инструменты для уборки
070200,Здоровье и Красота
070201,Уход за телом и Кожей
070202,Уход за волосами
070203,Уход за полостью рта
070204,Парфюмерия и Косметика
070205,Интимная гигиена
070300,Детский Уход и Питание
070301,Детское питание
070302,Аксессуары для детей
070400,Товары для животных
070401,Корм для собак
070402,Корм для кошек
070500,Табак и Аксессуары
070501,Сигареты и Бездымная продукция
070502,Сигары и Табак
080000,Хозяйственные товары
080100,Моющие средства
080101,Средства для мытья посуды
080102,Стиральные порошки и гели
080103,"Антистатики, средства для глажки"
080104,"Ополаскиватели, кондиционеры"
080105,"Отбеливатели, пятновыводители"
080106,Другое
080200,Чистящие средства
080201,Для ковров
080202,Для мебели
080203,"Для одежды и обуви"
080204,Для пола
080205,Универсальные
080206,Для сантехники
080207,Для стекол
080208,Другое
080300,Аэрозоли
080301,Для воздуха
080302,Для мебели
080303,Для унитаза
080304,Против насекомых
080305,Другое
080400,Хозяйственные мелочи
080401,Для кухни
080402,"Для ванной и туалета"
080403,Для уборки
080404,Другое
080500,"Одноразовая посуда и Упаковочные материалы"
080501,Одноразовая посуда
080502,Мешки для мусора
080503,"Пищевая пленка, фольга"
080504,"Упаковочный пакет, бумага"
080600,Бумажные изделия
080601,Бумажные полотенца
080602,Туалетная бумага
080603,Салфетки
080700,Товары для уборки
080701,"Губки, щетки"
080702,"Резиновые изделия, перчатки"
080703,Тряпки
