code,name,price,unit,category,slug
00001450,Շոկոլադե սալիկ 'Լինդտ' Էքսցելենս կակաո դառը 99% 50գր,3310.00,Հատ,040101-050203,
00002225,Ըմպելիք 'Մոնթ Բերրի' ալոե վերա 1.5լ,1050.00,Հատ,010103-050103,
00002790,Գարեջուր 'Զատեցկի Գուս' ա/տ 0.45լ,570.00,Հատ,050302,
00004210,Գարեջուր Հեյնեկեն ա/տ 0.5լ,920.00,Հատ,050302,
00004956,Տոմատի մածուկ 'Վիելլո' 1050գր,1260.00,Հատ,010102-030201-030203,
00004971,Ձիթապտղի խավիար 'Վիելլո' ա/տ 350գր,570.00,Հատ,010305-030202,
00005398,Լիմոնադ 'Նատախտարի' սապերավի 1լ,650.00,Հատ,050103,
00006073,Շոկոլադե սալիկ 'Նեստլե' կաթնային շոկոլադ 75գր,500.00,Հատ,020101-040101,
00007681,Հանքային ջուր 'Ջերմուկ' կիտրոն պլաստիկ 1լ,310.00,Հատ,010103-050101,
00008017,Գազավորված ըմպելիք 'Ռեալ' առանց շաքարի 1լ,390.00,Հատ,030105-050103,
00008208,Մարինացված վարունգ 'Կուպոլիվա' 6-9սմ 1415գր,1870.00,Հատ,030201,
00008850,Սպիտակ սոխ,240.00,Կգ,010102,
00008970,Խառը կանաչի փունջ,390.00,Հատ,010102,
00008971,Համեմի փունջ,380.00,Հատ,010102,
00009366,Տոպրակ պլաստիկ Rocola մեծ,70.00,Հատ,070104,
00009368,Տոպրակ պլաստիկ Rocola միջին,50.00,Հատ,070104,
00009510,Թարխունի փունջ,290.00,Հատ,010102,
00009584,Թան 'Ռոնիս' 1.5% 0.5լ,280.00,Հատ,020106-050103,
00009762,Նեկտարին,1110.00,Կգ,010103,
00010963,Կեռաս,2860.00,Կգ,010103,
00011227,Ձու 'Արզնի' Ձվաշեն #02 20հատ,2070.00,Հատ,020107,
00011237,Մածուն 'Թամարա' 3.2% 1800գր,1380.00,Հատ,020105,
00012111,Կանաչ ձիթապտղի մածուկ 'Վիելլո' ա/տ 200գր,630.00,Հատ,030202-030203,
00012112,Սև ձիթապտղի մածուկ 'Վիելլո' ա/տ 240գր,830.00,Հատ,030202-030203,
00012152,Չոր ապխտած երշիկ 'Միրատորգ' Սալչիչոն 280գր,2490.00,Հատ,040302,
00012434,Կիսաապխտած երշիկ Սերվելատ 'Ցարիցինո' 420գր,1190.00,Հատ,040302,
00012609,Սալոր,980.00,Կգ,010103,
00012782,Լվացքի փոշի 'Տայդ' սպիտակ կիտրոն 1.6կգ,2060.00,Հատ,010103-070101,
00013389,Բիոկեֆիր 'Մարիաննա' 1.0% 450մլ,400.00,Հատ,020106,
00014223,Կպչուն ժապավեն 'Duck' փոքր,60.00,Հատ,010204,
00014306,Կաթ 'Չանախ' 3.2% 950մլ,570.00,Հատ,020101,
00015597,Կետչուպ 'Գլաստո' չիլի 830գր,640.00,Հատ,030108,
00015621,Կաթ 'Սոֆիա Միլք' 3.2% պաստերիզացված 1լ,600.00,Հատ,020101,
00015667,Կանաչ ոլոռ 'Լուտիկ' ա/տ 690գր,880.00,Հատ,030102,
00015717,Կաթնային ըմպելիք 'Սպորտ Բարիստա' շոկոլադ պրոտեինով 1լ,1730.00,Հատ,020101-040101-050103,
00015821,Արմավ / Խուրմա 'Տոմտուր' 600գր,800.00,Հատ,010103,
00017349,Հում ապխտած երշիկ 'Չերկիզովո' Սալչիչոն 300գր,2070.00,Հատ,040302,
00017578,Գաթա կաթով 'Դոմաշնի' 500գր,880.00,Հատ,020101,
00017919,Թխվածքաբլիթ 'Լոտտե' Չոկո Փայ բանան 336գր,1090.00,Հատ,010103-020202-040103,
00018001,Թխվածքաբլիթ 'Չոկո Փայ Օրիոն' 360գր,820.00,Հատ,020202-040103,
00018004,Կանաչ լոբի 'Նուշ',950.00,Կգ,030102,
00018073,Սև թեյ 'Գրանդ Թեյ' ուրցով և անանուխով 25հատ,1080.00,Հատ,010102-050202,
00018436,Մաքրող և ախտահանող միջոց 'Նաշ Սադ' ալպիական թարմություն 750մլ,730.00,Հատ,070104,
00018437,Մաքրող և ախտահանող միջոց 'Նաշ Սադ' սուպեր ուժ 750մլ,730.00,Հատ,070104,
00018569,Պաղպաղակ 'Նավիրի Լենտ' բալի 0.6կգ,1000.00,Հատ,010103-020104-060103-070201,
00018782,Սոսինձ 'Մոմենտ' 3գր,150.00,Հատ,070104,
00018856,Շոկոլադե սալիկ 'ԿիտԿատ' կաթն. շոկոլադ թխվածքաբլիթով և վաֆլիով 99գր,620.00,Հատ,020101-040101-040103,
00019004,Չանախ պանիր 'Երևան' ջրի մեջ 800գր,2700.00,Հատ,020102-050101,
00019471,Հավի կրծքամիս 'Լուսակերտ' 1կգ առանց ոսկոր,2540.00,Հատ,010204,լուսակերտ-հավի-կրծքամիս
00007944,Ըմպելիք վարսակի 'Նե Մոլոկո' շոկոլադե 1լ,1200,հատ,040101-050103,ըմպելիք-վարսակի-նե-մոլոկո-շոկոլադե-1լ
00019438,Հավի թոք 'Լուսակերտ' 1կգ,1120,հատ,010204,հավի-թոք-լուսակերտ-1կգ
00018172,Հավի ոտիկ սառեցված 'Քռուպիկո' 1կգ,1450,կգ,010204,հավի-ոտիկ-սառեցված-քռուպիկո
00017731,Հավի կրծքամիս սառեցված 'Քռուպիկո' 1կգ,1840,կգ,010204,հավի-կրծքամիս-սառեցված-քռուպիկո
00017732,Հավի բդիկ սառեցված 'Քռուպիկո' 1կգ,1180,կգ,010204,հավի-բդիկ-սառեցված-քռուպիկո
00001453,Թխվածքաբլիթ 'Լովիտա' շոկոլադ բաց 150գր,420,հատ,040101,թխվածքաբլիթ-լովիտա-շոկոլադ-բաց-150գր
00007371,Սև թեյ 'Ահմադ' Անգլիական n1 թ/տ 100գր,2260,հատ,050202,սև-թեյ-ահմադ-անգլիական-n1-թ-տ-100գր
00012892,Հավկիթ 'Արզնի' Թավա ձու #02 9հատ,1200,հատ,020107,հավկիթ-արզնի-թավա-ձու-02-9հատ
00002821,Մեղր 'Վայլդ Հայվ' 100% օրգանական 270գր,4590,հատ,040104,մեղր-վայլդ-հայվ-100-օրգանական-270գր
00008806,Կիվի 1կգ,3250,կգ,010103,կիվի-կգ
00017678,Բրինձ 'Նուշ' կլոր 1կգ,490,կգ,030101,բրինձ-նուշ-կլոր-կգ
00008611,Բատոն 'Սնիկերս' 50.5գր,290,հատ,040101-040102,բատոն-սնիկերս-50-5գր
00008614,Բատոն 'Թվիքս' 55գր,290,հատ,040101-040102,բատոն-թվիքս-55գր
00008834,Գազար 1կգ,360,կգ,010102,գազար-կգ
00018022,Աղացած միս 'Գանձասար' 450գր,1150,հատ,010201,աղացած-միս-գանձասար-450գր
00008848,Կաղամբ կարմիր 1կգ,590,կգ,010102,կաղամբ-կարմիր-կգ
00009150,Սունկ Շամպինյոն հատ,1300,հատ,010102,սունկ-շամպինյոն-հատ
00008812,Բանան 1կգ,560,կգ,010103,բանան-կգ
00008817,Կիտրոն 1կգ,1430,կգ,010103,կիտրոն-կգ
00008827,Լոլիկ չերի փունջ 1կգ,2340,կգ,010103-010102,լոլիկ-չերի-փունջ-կգ
00007655,Ֆիլե թույլ աղադրված սառեցված ատլանտյան սաղմոնի 'Մել Մարկ' 300գր,8800,հատ,010301,ֆիլե-թույլ-աղադրված-սառեցված-ատլանտյան-սաղմոնի-մել-մարկ-300գր
00009341,Հավկիթ 'Արզնի' Օմլետ #01 15հատ,1830,հատ,020107,eggs-arzni-omelette-01-15pcs
00018263,Մածուն 'Չանախ' 3.2% 1800գր,1490,հատ,020105,matsun-chanakh-3-2-1800g
00010676,Ելակ կգ,3140,կգ,010103,strawberry-kg
00009415,Մոշ հատ,1040,հատ,010103,blackberry-pcs
00012692,Հաց աշորայի 'Սևանի' 350գր,330,հատ,020201,rye-bread-sevani-350g
00009687,Կեֆիր 'Բոնիլատ' դիետիկ 0.5% 0.45լ,440,հատ,020106,kefir-bonilat-diet-0-5-0-45l
00009053,Նուշի կաթ Alpro Barista առանց շաքարի 1լ,1590,հատ,020101-030105-040202,almond-milk-alpro-barista-sugar-free-1l
00008969,Բրոկկոլի հատ,330,հատ,010102,broccoli-pcs
00008968,Հազար (մառուլ) հատ,240,հատ,010102,lettuce-pcs
00014639,Պաղպաղակ 'Փինկ Բերրի' Գլյասե սուրճի 100գր,440,հատ,010103-020104-050201-060103-070201,ice-cream-pink-berry-glace-coffee-100g
00008577,Մաստակ 'Օրբիտ' XXL մեղմ անանուխ 19գր,200,հատ,010102-040102,chewing-gum-orbit-xxl-gentle-mint-19g
00001457,Շոկոլադե սալիկ 'Լինդտ' Էքսցելենս 70% կակաո 100գր,2800,հատ,040101-050203,chocolate-bar-lindt-excellence-70-cocoa-100g
00006571,Հավի նագեթներ 'Միրատորգ' դասական 250գր,1080.00,հատ,010204,հավի-նագեթներ-միրատորգ-դասական-250գր
00013457,Կրեմ հարելու համար 'Մարիաննա' 27% 1լ,1670.00,հատ,020104-070201,կրեմ-հարելու-համար-մարիաննա-27-1լ
00008982,Կաթ 'Երևյան' 3.2% 250մլ,350.00,հատ,020101,կաթ-երևյան-3-2-250մլ
00009792,Պաղպաղակ 'Սնիկերս' 288գր,3270.00,հատ,020104-040101-060103-070201,պաղպաղակ-սնիկերս-288գր
00018097,Ըմպելի յոգուրտ 'Մարիաննա' Բիֆիդո 1% 270գր,370.00,հատ,020105,ըմպելի-յոգուրտ-մարիաննա-բիֆիդո-1-270գր
00008813,Նուռ,2600.00,կգ,010103,նուռ
00019363,Պաղպաղակ 'Թամարա' 20 կոպեկ կարամել 60գր,170.00,հատ,020104-060103-070201,պաղպաղակ-թամարա-20-կոպեկ-կարամել-60գր
00016647,Շոկոլադե սալիկ 'Նեսթլե' դառը շոկոլադ 75գր,500.00,հատ,040101,շոկ-սալիկ-նեսթլե-դառը-շոկոլադ-75գր
00008607,Բատոն 'Սնիկերս' Սուպեր 80գր,440.00,հատ,040101,բատոն-սնիկերս-սուպեր-80գր
00018783,Սոսինձ 110 5գր,100.00,հատ,070104,սոսինձ-110-5գր
00013891,Խաղող Շահումյան,1110.00,կգ,010103,խաղող-շահումյան
00006912,Գազավորված ըմպելիք 'Լայմոն Ֆրեշ' լայմ պ/շ 1.3լ,970.00,հատ,050103,գազավորված-ըմպելիք-լայմոն-ֆրեշ-լայմ-ա-տ-1-3լ
00015735,Կաթ 'Դոմիկ վ Դերևնի' 1.8% առանց լակտոզայի 950մլ,1020.00,հատ,020101,կաթ-դոմիկ-վ-դերևնի-1-8-առանց-լակտոզայի-950մլ
00008811,Արքայախնձոր,1110.00,կգ,010103,արքայախնձոր
00008304,Երշիկ եփած 'Ռուբլյովսկիյ' հորթի 400գր,3850.00,հատ,010201-040302,երշիկ-եփած-ռուբլյովսկիյ-հորթի-400գր
00008819,Ավոկադո,780.00,հատ,010103,ավոկադո
00008833,Բազուկ,260.00,կգ,010102,բազուկ
00017883,Պոպկորն 'Հելլո Պանդա' աղի,2460.00,կգ,040201,պոպկորն-հելլո-պանդա-աղի
00002557,Լվացքի փոշի 'Թայդ' գունավոր 1.6կգ,2060.00,հատ,070101,լվացքի-փոշի-թայդ-գունավոր-1.6կգ
00014665,Սպասք լվանալու հեղուկ 'Թոփ' նարինջ 800մլ,760.00,հատ,010103-070101,սպասք-լվանալու-հեղուկ-թոփ-նարինջ-800մլ
00018175,Պանիր տնական Չանախ ուրցով 250գր,960.00,հատ,020102,պանիր-տնական-չանախ-ուրցով-250գր
00008825,Ճյուղով լոլիկ,720.00,կգ,010102,ճյուղով-լոլիկ
00018381,Տաք լավաշ կտրտած 1կգ,570.00,հատ,020201,տաք-լավաշ-կտրտած-1կգ
00010218,Հաց մատնաքաշ մեծ ՌԿՍՏ 800գր,340.00,հատ,020201,հաց-մատնաքաշ-մեծ-ռկստ-800գր
00009842,Կաթ 'Թամարա' 3.2% 1լ,550.00,հատ,020101,կաթ-թամարա-3.2-1լ
00007934,Գազավորված ըմպելիք 'Սպրայթ' 1.5լ,760.00,հատ,050103,գազավորված-ըմպելիք-սպրայթ-1.5լ
00001456,Թխվածքաբլիթ 'Լովիտա' կլասիկ գետնանուշ 150գր,330.00,հատ,040202,թխվածքաբլիթ-լովիտա-կլասիկ-գետնանուշ-150գր
00001451,Թխվածքաբլիթ 'Լովիտա' շոկոլադ 150գր,330.00,հատ,040101,թխվածքաբլիթ-լովիտա-շոկոլադ-150գր
00001470,Շոկոլադե սալիկ 'Մերսի' դառը շոկոլադ 72% 100գր,1030.00,հատ,040101,շոկոլադե-սալիկ-մերսի-դառը-շոկոլադ-72-100գր
00009613,Պանիր 'Սոֆյա Կաթ' Եղեգնաձոր 200գ,600.00,հատ,020102,պանիր-սոֆյա-կաթ-եղեգնաձոր-200գ
00014019,Թունա 'Դոնսկայա Կուխնյա' դասական 240գր,800.00,հատ,030204,թունա-դոնսկայա-կուխնյա-դասական-240գր
00005990,Լուծվող սուրճ 'Նեսկաֆե' Գոլդ 190գ,3760.00,հատ,050201,լուծվող-սուրճ-նեսկաֆե-գոլդ-190գ
00004162,Կիլկա սև ծովյան տոմատի սոուսում '5 Մորեյ' 240գ,580.00,հատ,010102-030108-030204,կիլկա-սև-ծովյան-տոմատի-սոուսում-5-մորեյ-240գ
00009569,Մածուն 'Բոնիլատ' 3.2% 850գ,690.00,հատ,020105,մածուն-բոնիլատ-3.2-850գ
00014701,Պանիր Չանախ 'Երեմյան' վակուում 400գ,1340.00,հատ,020102,պանիր-չանախ-երեմյան-վակուում-400գ
00015146,Լավաշ 'Գրտնակ' կտրտած 1կգ,550.00,հատ,020201,լավաշ-գրտնակ-կտրտած-1կգ
00009348,Հավկիթ 'Արզնի' սեղանի #01 15հատ,1480.00,հատ,020107,հավկիթ-արզնի-սեղանի-01-15հատ
00011769,Պաղպաղակ 'Թամարա' շոկոլադե 500գ,1040.00,հատ,020104-040101-060103-070201,պաղպաղակ-թամարա-շոկոլադե-500գ
00009160,Սունկ Շամպինյոն,1300.00,հատ,010102,սունկ-շամպինյոն
00009583,Թան 'Բոնիլատ' 1.5% 1լ,500.00,հատ,020106,թան-բոնիլատ-1.5-1լ
00014316,Նարինջ,850.00,կգ,010103,նարինջ
00012534,Հավի ձողիկներ 'Աթենք' Դասական 280գ,1290.00,հատ,010204-040203,հավի-ձողիկներ-աթենք-դասական-280գ
00011161,Շոկոլադե սալիկ 'Պոբեդա' առանց շաքարի 72% 100գ,1050.00,հատ,030105-040101,շոկոլադե-սալիկ-պոբեդա-առանց-շաքարի-72-100գ
00002658,Մարտկոց 'Դյուրասելլ' AAA 2հատ,1050.00,հատ,070104,մարտկոց-դյուրասելլ-aaa-2հատ
00008683,Մաստակ 'Օրբիտ' Ռեֆրեշերս անանուխ առանց շաքարի,300.00,հատ,030105-040102,մաստակ-օրբիտ-ռեֆրեշերս-անանուխ-առանց-շաքարի
00009431,Կաթ 'Դիլի' 3.2% 750մլ,900.00,հատ,020101,կաթ-դիլի-3.2-750մլ
00008591,Մաստակ '5' թարմ անանուխ,290.00,հատ,010102-040102,մաստակ-5-թարմ-անանուխ
00006058,Շոկոլադե սալիկ 'Ռոսիյա' մուգ շոկոլադ 75գ,430.00,հատ,040101,շոկոլադե-սալիկ-ռոսիյա-մուգ-շոկոլադ-75գ
00007683,Հանքային ջուր Ջերմուկ միլենիում պ/տ 1լ,310,հատ,050101,հանքային-ջուր-ջերմուկ-1լ
00007939,Գազավորված ըմպելիք Ֆանտա նարինջ 1.5լ,760,հատ,050103,ֆանտա-նարինջ-1-5լ
00011952,Ըմպելի յոգուրտ Երեմյան ազնվամորու 0.8լ,780,հատ,020105,յոգուրտ-երեմյան-0-8լ
00011238,Թթվասեր Թամարա 18% 900գր,1420,հատ,020104,թթվասեր-թամարա-18-900գր
00013421,Կաթ Մարիաննա պաստերացված 3.2% 950մլ,530,հատ,020101,կաթ-մարիաննա-3-2
00015116,Երշիկ եփած-ապխտած Տնակ Լեհական կգ,2750,կգ,040302,երշիկ-տնակ-լեհական
00018023,Աղացած միս Գանձասար 900գր,2290,հատ,010201,աղացած-միս-գանձասար
00009157,Արքայանարինջ Իզրայել կգ,7150,կգ,010103,արքայանարինջ-իզրայել
00008811,Արքայախնձոր կգ,1110,կգ,010103,արքայախնձոր
00005695,Օճառ Պրոտեքս կրեմ 4+1 350գր,1260,հատ,070201,օճառ-պրոտեքս
00014348,Կաթնաշոռ Չանախ անյուղ 180գր,600,հատ,020102,կաթնաշոռ-չանախ-անյուղ
00019988,Խնձոր Դրախտային կգ,2210,կգ,010103,խնձոր-դրախտային
00012756,Լավաշ Սևանի ածուխով կտրտած առանց խմորիչ 300գր,500,հատ,020201,լավաշ-սևանի-ածուխով
00006754,Շոկոլադե սալիկ Գրանդ Քենդի դառը շոկոլադ 80% 90գր,860,հատ,040101,շոկոլադ-գրանդ-քենդի
00015688,Հավկիթ Արզնի ճու-ճու #02 6հատ,590,հատ,020107,հավկիթ-արզնի-6հատ
