code,name,price,unit,category,slug
00019471,Куриная грудка 'Лусакерт' 1кг без кости,2540.00,Шт,010204,куриная-грудка-лусакерт-1кг-без-кости
00007939,Газированный напиток Fanta апельсин 1.5л,760,шт,050103,газированный-напиток-fanta-апельсин-1-5л
00011952,Питьевой йогурт Yeremyan малина 0.8л,780,шт,020105,питьевой-йогурт-yeremyan-малина-0-8л
00015116,Колбаса варено-копченая Tnak Польская кг,2750,кг,040302,колбаса-варено-копченая-tnak-польская-кг
00005695,Мыло Protex крем 4+1 350г,1260,шт,070201,мыло-protex-крем-4-1-350г
00012756,Лаваш Sevan с углем нарезанный без дрожжей 300г,500,шт,020201,лаваш-sevan-с-углем-нарезанный-без-дрожжей-300г
00015688,Яйца Arzni чу-чу #02 6шт,590,шт,020107,яйца-arzni-чу-чу-02-6шт
00001450,Шоколадная плитка 'Lindt' Excellence горький какао 99% 50г,3310.00,Шт,040101-050203,
00002225,Напиток 'Mont Berry' алоэ вера 1.5л,1050.00,Шт,010103-050103,
00002790,Пиво 'Жатецкий Гусь' ж/б 0.45л,570.00,Шт,050302,
00004210,Пиво Хайнекен ж/б 0.5л,920.00,Шт,050302,
00004956,Томатная паста 'Viello' 1050г,1260.00,Шт,010102-030201-030203,
00004971,Икра из оливок 'Viello' ж/б 350г,570.00,Шт,010305-030202,
00005398,Лимонад 'Натахтари' саперави 1л,650.00,Шт,050103,
00006073,Шоколадная плитка 'Nestle' молочный шоколад 75г,500.00,Шт,020101-040101,
00007681,Минеральная вода 'Джермук' лимон пластик 1л,310.00,Шт,010103-050101,
00008017,Газированный напиток 'Реал' без сахара 1л,390.00,Шт,030105-050103,
00008208,Маринованные корнишоны 'Cupoliva' 6-9см 1415г,1870.00,Шт,030201,
00008850,Белый лук,240.00,Кг,010102,
00008970,Зелень микс пучок,390.00,Шт,010102,
00008971,Кинза пучок,380.00,Шт,010102,
00009366,Пакет пластиковый Rocola большой,70.00,Шт,080504,
00009368,Пакет пластиковый Rocola средний,50.00,Шт,080504,
00009510,Тархун пучок,290.00,Шт,010102,
00009584,Тан 'Ронис' 1.5% 0.5л,280.00,Шт,020106-050103,
00009762,Нектарин,1110.00,Кг,010103,
00010963,Черешня,2860.00,Кг,010103,
00011227,Яйца 'Арзни' Дзвашен #02 20шт,2070.00,Шт,020107,
00011237,Мацун 'Тамара' 3.2% 1800г,1380.00,Шт,020105,
00012111,Паста из зеленых оливок 'Viello' ж/б 200г,630.00,Шт,030202-030203,
00012112,Паста из черных оливок 'Viello' ж/б 240г,830.00,Шт,030202-030203,
00012152,Колбаса сыровяленая 'Мираторг' Сальчичон 280г,2490.00,Шт,040302,
00012434,Колбаса полукопченая Сервелат 'Царицыно' 420г,1190.00,Шт,040302,
00012609,Слива,980.00,Кг,010103,
00012782,Стиральный порошок 'Tide' белый лимон 1.6кг,2060.00,Шт,010103-070101,
00013389,Биокефир 'Марианна' 1.0% 450мл,400.00,Шт,020106,
00014223,Клейкая лента 'Duck' маленькая,60.00,Шт,010204,
00014306,Молоко 'Чанах' 3.2% 950мл,570.00,Шт,020101,
00015597,Кетчуп 'Glasto' чили 830г,640.00,Шт,030108,
00015621,Молоко 'Sofia Milk' 3.2% пастеризованное 1л,600.00,Шт,020101,
00015667,Зеленый горошек 'Лутик' ж/б 690г,880.00,Шт,030102,
00015717,Молочный напиток 'Sport Barista' шоколад с протеином 1л,1730.00,Шт,020101-040101-050103,
00015821,Хурма / Финики 'Томтур' 600г,800.00,Шт,010103,
00017349,Колбаса сырокопченая 'Черкизово' Сальчичон 300г,2070.00,Шт,040302,
00017578,Гата с молоком 'Домашни' 500г,880.00,Шт,020101,
00017919,Печенье 'Lotte' Choco Pie банан 336г,1090.00,Шт,010103-020202-040103,
00018001,Печенье 'Choco Pie Orion' 360г,820.00,Шт,020202-040103,
00018004,Зеленая фасоль 'Нуш',950.00,Кг,030102,
00018073,Черный чай 'Grand Tea' с чабрецом и мятой 25шт,1080.00,Шт,010102-050202,
00018436,Моющее и дезинфицирующее средство 'Наш Сад' альпийская свежесть 750мл,730.00,Шт,080205,
00018437,Моющее и дезинфицирующее средство 'Наш Сад' супер сила 750мл,730.00,Шт,080205,
00018569,Мороженое 'Навири Лент' вишневое 0.6кг,1000.00,Шт,010103-020104-060103-070201,
00018782,Клей 'Момент' 3г,150.00,Шт,080404,
00018856,Шоколадная плитка 'KitKat' мол. шоколад с печеньем и вафлей 99г,620.00,Шт,020101-040101-040103,
00019004,Сыр Чанах 'Ереван' в воде 800г,2700.00,Шт,020102-050101,
00007944,Напиток овсяный 'Ne Moloko' шоколадный 1л,1200,шт,040101-050103,
00019438,Куриные легкие 'Лусакерт' 1кг,1120,шт,010204,
00018172,Куриные ножки замороженные 'Крупико' 1кг,1450,кг,010204,
00017731,Куриная грудка замороженная 'Крупико' 1кг,1840,кг,010204,
00017732,Куриные голени замороженные 'Крупико' 1кг,1180,кг,010204,
00001453,Печенье 'Lovita' шоколадное светлое 150г,420,шт,040101,
00007371,Черный чай 'Ahmad' Английский n1 ж/б 100г,2260,шт,050202,
00012892,Яйца 'Арзни' Тава яйцо #02 9шт,1200,шт,020107,
00002821,Мед 'Wild Hive' 100% органический 270г,4590,шт,040104,
00008806,Киви 1кг,3250,кг,010103,
00017678,Рис 'Нуш' круглый 1кг,490,кг,030101,
00008611,Батончик 'Сникерс' 50.5г,290,шт,040101-040102,
00008614,Батончик 'Твикс' 55г,290,шт,040101-040102,
00008834,Морковь 1кг,360,кг,010102,
00018022,Мясной фарш 'Гандзасар' 450г,1150,шт,010201,
00008848,Капуста красная 1кг,590,кг,010102,
00009150,Грибы Шампиньоны шт,1300,шт,010102,
00008812,Банан 1кг,560,кг,010103,
00008817,Лимон 1кг,1430,кг,010103,
00008827,Помидоры черри ветка 1кг,2340,кг,010103-010102,
00007655,Филе слабосоленое замороженное атлантического лосося 'Мел Марк' 300г,8800,шт,010301,
00009341,Яйца 'Арзни' Омлет #01 15шт,1830,шт,020107,
00018263,Мацун 'Чанах' 3.2% 1800г,1490,шт,020105,
00010676,Клубника кг,3140,кг,010103,
00009415,Ежевика шт,1040,шт,010103,
00012692,Ржаной хлеб 'Севани' 350г,330,шт,020201,
00009687,Кефир 'Бонилат' диетический 0.5% 0.45л,440,шт,020106,
00009053,Миндальное молоко Alpro Barista без сахара 1л,1590,шт,020101-030105-040202,
00008969,Брокколи шт,330,шт,010102,
00008968,Салат (латук) шт,240,шт,010102,
00014639,Мороженое 'Пинк Берри' Глясе кофейное 100г,440,шт,010103-020104-050201-060103-070201,
00008577,Жевательная резинка 'Orbit' XXL мягкая мята 19г,200,шт,010102-040102,
00001457,Шоколадная плитка 'Lindt' Excellence 70% какао 100г,2800,шт,040101-050203,
00006571,Куриные наггетсы 'Мираторг' классические 250г,1080.00,шт,010204,
00013457,Сливки для взбивания 'Марианна' 27% 1л,1670.00,шт,020104-070201,
00008982,Молоко 'Еревян' 3.2% 250мл,350.00,шт,020101,
00009792,Мороженое 'Сникерс' 288г,3270.00,шт,020104-040101-060103-070201,
00018097,Питьевой йогурт 'Марианна' Бифидо 1% 270г,370.00,шт,020105,
00008813,Гранат,2600.00,кг,010103,
00019363,Мороженое 'Тамара' 20 копеек карамель 60г,170.00,шт,020104-060103-070201,
00016647,Шоколадная плитка 'Nestle' горький шоколад 75г,500.00,шт,040101,
00008607,Батончик 'Сникерс' Супер 80г,440.00,шт,040101,
00018783,Клей 110 5г,100.00,шт,080404,
00013891,Виноград Шаумян,1110.00,кг,010103,
00006912,Газированный напиток 'Лаймон Фреш' лайм п/б 1.3л,970.00,шт,050103,
00015735,Молоко 'Домик в Деревне' 1.8% без лактозы 950мл,1020.00,шт,020101,
00008811,Ананас,1110.00,кг,010103,
00008304,Колбаса вареная 'Рублевский' телячья 400г,3850.00,шт,010201-040302,
00008819,Авокадо,780.00,шт,010103,
00008833,Свекла,260.00,кг,010102,
00017883,Попкорн 'Хелло Панда' соленый,2460.00,кг,040201,
00002557,Стиральный порошок 'Tide' цветной 1.6кг,2060.00,шт,080102,
00014665,Средство для мытья посуды 'Топ' апельсин 800мл,760.00,шт,010103-070101,
00018175,Сыр домашний Чанах с чабрецом 250г,960.00,шт,020102,
00008825,Помидоры на ветке,720.00,кг,010102,
00018381,Горячий лаваш нарезанный 1кг,570.00,шт,020201,
00010218,Хлеб матнакаш большой РКСТ 800г,340.00,шт,020201,
00009842,Молоко 'Тамара' 3.2% 1л,550.00,шт,020101,
00007934,Газированный напиток 'Спрайт' 1.5л,760.00,шт,050103,
00001456,Печенье 'Lovita' классическое арахис 150г,330.00,шт,040202,
00001451,Печенье 'Lovita' шоколадное 150г,330.00,шт,040101,
00001470,Шоколадная плитка 'Merci' горький шоколад 72% 100г,1030.00,шт,040101,
00009613,Сыр 'Софья Кат' Ехегнадзор 200г,600.00,шт,020102,
00014019,Тунец 'Донская Кухня' классический 240г,800.00,шт,030204,
00005990,Растворимый кофе 'Нескафе' Голд 190г,3760.00,шт,050201,
00004162,Килька черноморская в томатном соусе '5 Морей' 240г,580.00,шт,010102-030108-030204,
00009569,Мацун 'Бонилат' 3.2% 850г,690.00,шт,020105,
00014701,Сыр Чанах 'Еремян' вакуум 400г,1340.00,шт,020102,
00015146,Лаваш 'Гртнак' нарезанный 1кг,550.00,шт,020201,
00009348,Яйца 'Арзни' столовые #01 15шт,1480.00,шт,020107,
00011769,Мороженое 'Тамара' шоколадное 500г,1040.00,шт,020104-040101-060103-070201,
00009160,Грибы Шампиньоны,1300.00,шт,010102,
00009583,Тан 'Бонилат' 1.5% 1л,500.00,шт,020106,
00014316,Апельсин,850.00,кг,010103,
00012534,Куриные палочки 'Атенк' Классические 280г,1290.00,шт,010204-040203,
00011161,Шоколадная плитка 'Победа' без сахара 72% 100г,1050.00,шт,030105-040101,
00002658,Батарейки 'Дюраселл' AAA 2шт,1050.00,шт,080404,
00008683,Жевательная резинка 'Orbit' Рефрешерс мята без сахара,300.00,шт,030105-040102,
00009431,Молоко 'Дили' 3.2% 750мл,900.00,шт,020101,
00008591,Жевательная резинка '5' свежая мята,290.00,шт,010102-040102,
00006058,Шоколадная плитка 'Россия' темный шоколад 75г,430.00,шт,040101,
00007683,Минеральная вода Jermuk миллениум пэт 1л,310,шт,050101,
00011238,Сметана Tamara 18% 900г,1420,шт,020104,
00013421,Молоко Marianna пастеризованное 3.2% 950мл,530,шт,020101,
00018023,Фарш мясной Gandzasar 900г,2290,шт,010201,
00009157,Хурма Израиль кг,7150,кг,010103,
00008811,Ананас кг,1110,кг,010103,
00014348,Творог Chanakh обезжиренный 180г,600,шт,020102,
00019988,Яблоко Райское кг,2210,кг,010103,
00006754,Шоколадная плитка Grand Candy горький шоколад 80% 90г,860,шт,040101,
